{
    "$schema": "http://schema.management.azure.com/schemas/2015-01-01/deploymentTemplate.json#",
    "contentVersion": "1.0.0.0",
    "parameters": {
        "factoryName": {
            "type": "string",
            "metadata": "Data Factory name",
            "defaultValue": "covidreportingadf1897"
        },
        "ls_ablob_covidreportingsa_connectionString": {
            "type": "secureString",
            "metadata": "Secure string for 'connectionString' of 'ls_ablob_covidreportingsa'"
        },
        "ls_db_covid_cluster_accessToken": {
            "type": "secureString",
            "metadata": "Secure string for 'accessToken' of 'ls_db_covid_cluster'"
        },
        "ls_sql_covid_db_connectionString": {
            "type": "secureString",
            "metadata": "Secure string for 'connectionString' of 'ls_sql_covid_db'"
        },
        "tr_population_data_arrived_properties_typeProperties_scope": {
            "type": "string",
            "defaultValue": "/subscriptions/54db7632-2e93-47e0-bf6f-c521937eb0bf/resourceGroups/dev911/providers/Microsoft.Storage/storageAccounts/covidreportingsa1883"
        },
        "ls_adls_covidreportingdl_properties_typeProperties_url": {
            "type": "string",
            "defaultValue": "https://covidreportingdl1883.dfs.core.windows.net/"
        },
        "ls_http_opendata_ecdc_europa_eu_properties_typeProperties_url": {
            "type": "string",
            "defaultValue": "@{linkedService().sourceBaseURL}"
        },
        "ls_kv_adls_properties_typeProperties_baseUrl": {
            "type": "string",
            "defaultValue": "https://covidkeyvault.vault.azure.net/"
        },
        "containerUri": {
            "type": "string",
            "metadata": "URI to storage account containing linked ARM templates"
        },
        "containerSasToken": {
            "type": "string",
            "metadata": "Sas token to storage account containing linked ARM templates"
        }
    },
    "variables": {
        "factoryId": "[concat('Microsoft.DataFactory/factories/', parameters('factoryName'))]"
    },
    "resources": [
        {
            "name": "covidreportingadf1897_ArmTemplate_0",
            "type": "Microsoft.Resources/deployments",
            "apiVersion": "2018-02-01",
            "properties": {
                "mode": "incremental",
                "templateLink": {
                    "uri": "[concat(parameters('containerUri'), '/ArmTemplate_0.json', parameters('containerSasToken'))]",
                    "contentVersion": "1.0.0.0"
                },
                "parameters": {
                    "factoryName": {
                        "value": "[parameters('factoryName')]"
                    },
                    "ls_ablob_covidreportingsa_connectionString": {
                        "value": "[parameters('ls_ablob_covidreportingsa_connectionString')]"
                    },
                    "ls_db_covid_cluster_accessToken": {
                        "value": "[parameters('ls_db_covid_cluster_accessToken')]"
                    },
                    "ls_sql_covid_db_connectionString": {
                        "value": "[parameters('ls_sql_covid_db_connectionString')]"
                    },
                    "tr_population_data_arrived_properties_typeProperties_scope": {
                        "value": "[parameters('tr_population_data_arrived_properties_typeProperties_scope')]"
                    },
                    "ls_http_opendata_ecdc_europa_eu_properties_typeProperties_url": {
                        "value": "[parameters('ls_http_opendata_ecdc_europa_eu_properties_typeProperties_url')]"
                    },
                    "ls_kv_adls_properties_typeProperties_baseUrl": {
                        "value": "[parameters('ls_kv_adls_properties_typeProperties_baseUrl')]"
                    },
                    "ls_adls_covidreportingdl_properties_typeProperties_url": {
                        "value": "[parameters('ls_adls_covidreportingdl_properties_typeProperties_url')]"
                    }
                }
            },
            "dependsOn": []
        },
        {
            "name": "covidreportingadf1897_ArmTemplate_1",
            "type": "Microsoft.Resources/deployments",
            "apiVersion": "2018-02-01",
            "properties": {
                "mode": "incremental",
                "templateLink": {
                    "uri": "[concat(parameters('containerUri'), '/ArmTemplate_1.json', parameters('containerSasToken'))]",
                    "contentVersion": "1.0.0.0"
                },
                "parameters": {
                    "factoryName": {
                        "value": "[parameters('factoryName')]"
                    }
                }
            },
            "dependsOn": [
                "[resourceId('Microsoft.Resources/deployments', 'covidreportingadf1897_ArmTemplate_0')]"
            ]
        },
        {
            "name": "covidreportingadf1897_ArmTemplate_2",
            "type": "Microsoft.Resources/deployments",
            "apiVersion": "2018-02-01",
            "properties": {
                "mode": "incremental",
                "templateLink": {
                    "uri": "[concat(parameters('containerUri'), '/ArmTemplate_2.json', parameters('containerSasToken'))]",
                    "contentVersion": "1.0.0.0"
                },
                "parameters": {
                    "factoryName": {
                        "value": "[parameters('factoryName')]"
                    }
                }
            },
            "dependsOn": [
                "[resourceId('Microsoft.Resources/deployments', 'covidreportingadf1897_ArmTemplate_1')]"
            ]
        }
    ]
}