{
    "$schema": "https://schema.management.azure.com/schemas/2015-01-01/deploymentParameters.json#",
    "contentVersion": "1.0.0.0",
    "parameters": {
        "factoryName": {
            "value": "covidreportingadf1897"
        },
        "ls_ablob_covidreportingsa_connectionString": {
            "value": ""
        },
        "ls_db_covid_cluster_accessToken": {
            "value": ""
        },
        "ls_sql_covid_db_connectionString": {
            "value": ""
        },
        "tr_population_data_arrived_properties_typeProperties_scope": {
            "value": "/subscriptions/54db7632-2e93-47e0-bf6f-c521937eb0bf/resourceGroups/dev911/providers/Microsoft.Storage/storageAccounts/covidreportingsa1883"
        },
        "ls_adls_covidreportingdl_properties_typeProperties_url": {
            "value": "https://covidreportingdl1883.dfs.core.windows.net/"
        },
        "ls_http_opendata_ecdc_europa_eu_properties_typeProperties_url": {
            "value": "@{linkedService().sourceBaseURL}"
        },
        "ls_kv_adls_properties_typeProperties_baseUrl": {
            "value": "https://covidkeyvault.vault.azure.net/"
        },
        "containerUri": {
            "value": ""
        },
        "containerSasToken": {
            "value": ""
        }
    }
}