{
    "$schema": "http://schema.management.azure.com/schemas/2015-01-01/deploymentTemplate.json#",
    "contentVersion": "1.0.0.0",
    "parameters": {
        "factoryName": {
            "type": "string",
            "metadata": "Data Factory name",
            "defaultValue": "covidreportingadf1897"
        }
    },
    "variables": {
        "factoryId": "[concat('Microsoft.DataFactory/factories/', parameters('factoryName'))]"
    },
    "resources": [
        {
            "name": "[concat(parameters('factoryName'), '/tr_process_cases_and_deaths')]",
            "type": "Microsoft.DataFactory/factories/triggers",
            "apiVersion": "2018-06-01",
            "properties": {
                "annotations": [],
                "runtimeState": "Started",
                "pipeline": {
                    "pipelineReference": {
                        "referenceName": "pl_data_processing",
                        "type": "PipelineReference"
                    },
                    "parameters": {}
                },
                "type": "TumblingWindowTrigger",
                "typeProperties": {
                    "frequency": "Hour",
                    "interval": 24,
                    "startTime": "2023-04-30T00:00:00Z",
                    "delay": "00:00:00",
                    "maxConcurrency": 50,
                    "retryPolicy": {
                        "intervalInSeconds": 30
                    },
                    "dependsOn": [
                        {
                            "type": "TumblingWindowTriggerDependencyReference",
                            "referenceTrigger": {
                                "referenceName": "tr_ingest_ecdc_data",
                                "type": "TriggerReference"
                            }
                        }
                    ]
                }
            },
            "dependsOn": []
        },
        {
            "name": "[concat(parameters('factoryName'), '/tr_process_hospital_admission_data')]",
            "type": "Microsoft.DataFactory/factories/triggers",
            "apiVersion": "2018-06-01",
            "properties": {
                "annotations": [],
                "runtimeState": "Started",
                "pipeline": {
                    "pipelineReference": {
                        "referenceName": "pl_process_hospital_admissions_data",
                        "type": "PipelineReference"
                    },
                    "parameters": {}
                },
                "type": "TumblingWindowTrigger",
                "typeProperties": {
                    "frequency": "Hour",
                    "interval": 24,
                    "startTime": "2023-04-30T00:00:00Z",
                    "delay": "00:00:00",
                    "maxConcurrency": 50,
                    "retryPolicy": {
                        "intervalInSeconds": 30
                    },
                    "dependsOn": [
                        {
                            "type": "TumblingWindowTriggerDependencyReference",
                            "referenceTrigger": {
                                "referenceName": "tr_ingest_ecdc_data",
                                "type": "TriggerReference"
                            }
                        }
                    ]
                }
            },
            "dependsOn": []
        },
        {
            "name": "[concat(parameters('factoryName'), '/tr_parent2')]",
            "type": "Microsoft.DataFactory/factories/triggers",
            "apiVersion": "2018-06-01",
            "properties": {
                "annotations": [],
                "runtimeState": "Stopped",
                "pipelines": [
                    {
                        "pipelineReference": {
                            "referenceName": "pl_parent",
                            "type": "PipelineReference"
                        },
                        "parameters": {}
                    }
                ],
                "type": "ScheduleTrigger",
                "typeProperties": {
                    "recurrence": {
                        "frequency": "Day",
                        "interval": 1,
                        "startTime": "2023-05-03T13:30:00",
                        "timeZone": "India Standard Time",
                        "schedule": {
                            "minutes": [
                                0
                            ],
                            "hours": [
                                10
                            ]
                        }
                    }
                }
            },
            "dependsOn": []
        }
    ]
}