{
    "$schema": "http://schema.management.azure.com/schemas/2015-01-01/deploymentTemplate.json#",
    "contentVersion": "1.0.0.0",
    "parameters": {
        "factoryName": {
            "type": "string",
            "metadata": "Data Factory name",
            "defaultValue": "covidreportingadf1897"
        },
        "ls_ablob_covidreportingsa_connectionString": {
            "type": "secureString",
            "metadata": "Secure string for 'connectionString' of 'ls_ablob_covidreportingsa'"
        },
        "ls_db_covid_cluster_accessToken": {
            "type": "secureString",
            "metadata": "Secure string for 'accessToken' of 'ls_db_covid_cluster'"
        },
        "ls_sql_covid_db_connectionString": {
            "type": "secureString",
            "metadata": "Secure string for 'connectionString' of 'ls_sql_covid_db'"
        },
        "tr_population_data_arrived_properties_typeProperties_scope": {
            "type": "string",
            "defaultValue": "/subscriptions/54db7632-2e93-47e0-bf6f-c521937eb0bf/resourceGroups/dev911/providers/Microsoft.Storage/storageAccounts/covidreportingsa1883"
        },
        "ls_http_opendata_ecdc_europa_eu_properties_typeProperties_url": {
            "type": "string",
            "defaultValue": "@{linkedService().sourceBaseURL}"
        },
        "ls_kv_adls_properties_typeProperties_baseUrl": {
            "type": "string",
            "defaultValue": "https://covidkeyvault.vault.azure.net/"
        },
        "ls_adls_covidreportingdl_properties_typeProperties_url": {
            "type": "string",
            "defaultValue": "https://covidreportingdl1883.dfs.core.windows.net/"
        }
    },
    "variables": {
        "factoryId": "[concat('Microsoft.DataFactory/factories/', parameters('factoryName'))]"
    },
    "resources": [
        {
            "name": "[concat(parameters('factoryName'), '/tr_ingest_ecdc_data')]",
            "type": "Microsoft.DataFactory/factories/triggers",
            "apiVersion": "2018-06-01",
            "properties": {
                "annotations": [],
                "runtimeState": "Stopped",
                "type": "TumblingWindowTrigger",
                "typeProperties": {
                    "frequency": "Hour",
                    "interval": 24,
                    "startTime": "2023-04-30T00:00:00Z",
                    "delay": "00:00:00",
                    "maxConcurrency": 50,
                    "retryPolicy": {
                        "intervalInSeconds": 30
                    },
                    "dependsOn": []
                }
            },
            "dependsOn": []
        },
        {
            "name": "[concat(parameters('factoryName'), '/tr_parent')]",
            "type": "Microsoft.DataFactory/factories/triggers",
            "apiVersion": "2018-06-01",
            "properties": {
                "annotations": [],
                "runtimeState": "Stopped",
                "type": "TumblingWindowTrigger",
                "typeProperties": {
                    "frequency": "Hour",
                    "interval": 24,
                    "startTime": "2023-05-01T00:00:00Z",
                    "delay": "00:00:00",
                    "maxConcurrency": 50,
                    "retryPolicy": {
                        "intervalInSeconds": 30
                    },
                    "dependsOn": []
                }
            },
            "dependsOn": []
        },
        {
            "name": "[concat(parameters('factoryName'), '/tr_ecdc_data')]",
            "type": "Microsoft.DataFactory/factories/triggers",
            "apiVersion": "2018-06-01",
            "properties": {
                "annotations": [],
                "runtimeState": "Stopped",
                "type": "TumblingWindowTrigger",
                "typeProperties": {
                    "frequency": "Hour",
                    "interval": 24,
                    "startTime": "2023-05-01T00:00:00Z",
                    "delay": "00:00:00",
                    "maxConcurrency": 50,
                    "retryPolicy": {
                        "intervalInSeconds": 30
                    },
                    "dependsOn": []
                }
            },
            "dependsOn": []
        },
        {
            "name": "[concat(parameters('factoryName'), '/tr_population_data_arrived')]",
            "type": "Microsoft.DataFactory/factories/triggers",
            "apiVersion": "2018-06-01",
            "properties": {
                "annotations": [],
                "runtimeState": "Stopped",
                "pipelines": [],
                "type": "BlobEventsTrigger",
                "typeProperties": {
                    "blobPathBeginsWith": "/population/blobs/population_by_age.tsv.gz",
                    "ignoreEmptyBlobs": true,
                    "scope": "[parameters('tr_population_data_arrived_properties_typeProperties_scope')]",
                    "events": [
                        "Microsoft.Storage.BlobCreated"
                    ]
                }
            },
            "dependsOn": []
        },
        {
            "name": "[concat(parameters('factoryName'), '/ls_ablob_covidreportingsa')]",
            "type": "Microsoft.DataFactory/factories/linkedServices",
            "apiVersion": "2018-06-01",
            "properties": {
                "annotations": [],
                "type": "AzureBlobStorage",
                "typeProperties": {
                    "connectionString": "[parameters('ls_ablob_covidreportingsa_connectionString')]"
                }
            },
            "dependsOn": []
        },
        {
            "name": "[concat(parameters('factoryName'), '/ls_http_opendata_ecdc_europa_eu')]",
            "type": "Microsoft.DataFactory/factories/linkedServices",
            "apiVersion": "2018-06-01",
            "properties": {
                "parameters": {
                    "sourceBaseURL": {
                        "type": "string",
                        "defaultValue": "https://opendata.ecdc.europa.eu"
                    }
                },
                "annotations": [],
                "type": "HttpServer",
                "typeProperties": {
                    "url": "[parameters('ls_http_opendata_ecdc_europa_eu_properties_typeProperties_url')]",
                    "enableServerCertificateValidation": true,
                    "authenticationType": "Anonymous"
                }
            },
            "dependsOn": []
        },
        {
            "name": "[concat(parameters('factoryName'), '/ls_db_covid_cluster')]",
            "type": "Microsoft.DataFactory/factories/linkedServices",
            "apiVersion": "2018-06-01",
            "properties": {
                "annotations": [],
                "type": "AzureDatabricks",
                "typeProperties": {
                    "domain": "https://adb-6211180160212382.2.azuredatabricks.net",
                    "accessToken": {
                        "type": "SecureString",
                        "value": "[parameters('ls_db_covid_cluster_accessToken')]"
                    },
                    "newClusterNodeType": "Standard_DS3_v2",
                    "newClusterNumOfWorker": "1",
                    "newClusterSparkEnvVars": {
                        "PYSPARK_PYTHON": "/databricks/python3/bin/python3"
                    },
                    "newClusterVersion": "10.4.x-scala2.12",
                    "newClusterInitScripts": [],
                    "clusterOption": "Fixed"
                }
            },
            "dependsOn": []
        },
        {
            "name": "[concat(parameters('factoryName'), '/ls_sql_covid_db')]",
            "type": "Microsoft.DataFactory/factories/linkedServices",
            "apiVersion": "2018-06-01",
            "properties": {
                "annotations": [],
                "type": "AzureSqlDatabase",
                "typeProperties": {
                    "connectionString": "[parameters('ls_sql_covid_db_connectionString')]"
                }
            },
            "dependsOn": []
        },
        {
            "name": "[concat(parameters('factoryName'), '/ls_kv_adls')]",
            "type": "Microsoft.DataFactory/factories/linkedServices",
            "apiVersion": "2018-06-01",
            "properties": {
                "annotations": [],
                "type": "AzureKeyVault",
                "typeProperties": {
                    "baseUrl": "[parameters('ls_kv_adls_properties_typeProperties_baseUrl')]"
                }
            },
            "dependsOn": []
        },
        {
            "name": "[concat(parameters('factoryName'), '/ds_population_raw_gz')]",
            "type": "Microsoft.DataFactory/factories/datasets",
            "apiVersion": "2018-06-01",
            "properties": {
                "linkedServiceName": {
                    "referenceName": "ls_ablob_covidreportingsa",
                    "type": "LinkedServiceReference"
                },
                "folder": {
                    "name": "raw"
                },
                "annotations": [],
                "type": "DelimitedText",
                "typeProperties": {
                    "location": {
                        "type": "AzureBlobStorageLocation",
                        "fileName": "population_by_age.tsv.gz",
                        "container": "population"
                    },
                    "columnDelimiter": "\t",
                    "compressionCodec": "gzip",
                    "compressionLevel": "Optimal",
                    "escapeChar": "\\",
                    "firstRowAsHeader": true,
                    "quoteChar": "\""
                },
                "schema": []
            },
            "dependsOn": [
                "[concat(variables('factoryId'), '/linkedServices/ls_ablob_covidreportingsa')]"
            ]
        },
        {
            "name": "[concat(parameters('factoryName'), '/ds_ecdc_raw_csv_http')]",
            "type": "Microsoft.DataFactory/factories/datasets",
            "apiVersion": "2018-06-01",
            "properties": {
                "linkedServiceName": {
                    "referenceName": "ls_http_opendata_ecdc_europa_eu",
                    "type": "LinkedServiceReference",
                    "parameters": {
                        "sourceBaseURL": {
                            "value": "@dataset().baseURL",
                            "type": "Expression"
                        }
                    }
                },
                "parameters": {
                    "relativeURL": {
                        "type": "string"
                    },
                    "baseURL": {
                        "type": "string"
                    }
                },
                "folder": {
                    "name": "raw"
                },
                "annotations": [],
                "type": "DelimitedText",
                "typeProperties": {
                    "location": {
                        "type": "HttpServerLocation",
                        "relativeUrl": {
                            "value": "@dataset().relativeURL",
                            "type": "Expression"
                        }
                    },
                    "columnDelimiter": ",",
                    "escapeChar": "\\",
                    "firstRowAsHeader": true,
                    "quoteChar": "\""
                },
                "schema": []
            },
            "dependsOn": [
                "[concat(variables('factoryId'), '/linkedServices/ls_http_opendata_ecdc_europa_eu')]"
            ]
        },
        {
            "name": "[concat(parameters('factoryName'), '/ds_ecdc_file_list')]",
            "type": "Microsoft.DataFactory/factories/datasets",
            "apiVersion": "2018-06-01",
            "properties": {
                "linkedServiceName": {
                    "referenceName": "ls_ablob_covidreportingsa",
                    "type": "LinkedServiceReference"
                },
                "folder": {
                    "name": "lookup"
                },
                "annotations": [],
                "type": "Json",
                "typeProperties": {
                    "location": {
                        "type": "AzureBlobStorageLocation",
                        "fileName": "ecdc_file_list.json",
                        "container": "configs"
                    }
                },
                "schema": {
                    "type": "object",
                    "properties": {
                        "sourceRelativeURL": {
                            "type": "string"
                        },
                        "sinkFileName": {
                            "type": "string"
                        }
                    }
                }
            },
            "dependsOn": [
                "[concat(variables('factoryId'), '/linkedServices/ls_ablob_covidreportingsa')]"
            ]
        },
        {
            "name": "[concat(parameters('factoryName'), '/pl_process_databricks')]",
            "type": "Microsoft.DataFactory/factories/pipelines",
            "apiVersion": "2018-06-01",
            "properties": {
                "activities": [
                    {
                        "name": "Execute Population Transformation",
                        "type": "DatabricksNotebook",
                        "dependsOn": [],
                        "policy": {
                            "timeout": "0.12:00:00",
                            "retry": 0,
                            "retryIntervalInSeconds": 30,
                            "secureOutput": false,
                            "secureInput": false
                        },
                        "userProperties": [],
                        "typeProperties": {
                            "notebookPath": "/covid/trans/transform_population_data"
                        },
                        "linkedServiceName": {
                            "referenceName": "ls_db_covid_cluster",
                            "type": "LinkedServiceReference"
                        }
                    }
                ],
                "policy": {
                    "elapsedTimeMetric": {},
                    "cancelAfter": {}
                },
                "folder": {
                    "name": "Dump"
                },
                "annotations": [],
                "lastPublishTime": "2023-05-02T12:42:12Z"
            },
            "dependsOn": [
                "[concat(variables('factoryId'), '/linkedServices/ls_db_covid_cluster')]"
            ]
        },
        {
            "name": "[concat(parameters('factoryName'), '/pipeline1')]",
            "type": "Microsoft.DataFactory/factories/pipelines",
            "apiVersion": "2018-06-01",
            "properties": {
                "activities": [
                    {
                        "name": "Hospital Delta",
                        "type": "DatabricksNotebook",
                        "dependsOn": [],
                        "policy": {
                            "timeout": "0.12:00:00",
                            "retry": 0,
                            "retryIntervalInSeconds": 30,
                            "secureOutput": false,
                            "secureInput": false
                        },
                        "userProperties": [],
                        "typeProperties": {
                            "notebookPath": "/covid/trans/hospital_delta"
                        },
                        "linkedServiceName": {
                            "referenceName": "ls_db_covid_cluster",
                            "type": "LinkedServiceReference"
                        }
                    }
                ],
                "policy": {
                    "elapsedTimeMetric": {},
                    "cancelAfter": {}
                },
                "folder": {
                    "name": "test"
                },
                "annotations": [],
                "lastPublishTime": "2023-05-05T08:38:43Z"
            },
            "dependsOn": [
                "[concat(variables('factoryId'), '/linkedServices/ls_db_covid_cluster')]"
            ]
        },
        {
            "name": "[concat(parameters('factoryName'), '/pipeline3')]",
            "type": "Microsoft.DataFactory/factories/pipelines",
            "apiVersion": "2018-06-01",
            "properties": {
                "activities": [
                    {
                        "name": "Cases Deaths Delta",
                        "type": "DatabricksNotebook",
                        "dependsOn": [],
                        "policy": {
                            "timeout": "0.12:00:00",
                            "retry": 0,
                            "retryIntervalInSeconds": 30,
                            "secureOutput": false,
                            "secureInput": false
                        },
                        "userProperties": [],
                        "typeProperties": {
                            "notebookPath": "/covid/trans/cases_deaths_delta"
                        },
                        "linkedServiceName": {
                            "referenceName": "ls_db_covid_cluster",
                            "type": "LinkedServiceReference"
                        }
                    }
                ],
                "policy": {
                    "elapsedTimeMetric": {},
                    "cancelAfter": {}
                },
                "folder": {
                    "name": "test"
                },
                "annotations": [],
                "lastPublishTime": "2023-05-05T08:38:43Z"
            },
            "dependsOn": [
                "[concat(variables('factoryId'), '/linkedServices/ls_db_covid_cluster')]"
            ]
        },
        {
            "name": "[concat(parameters('factoryName'), '/ls_adls_covidreportingdl')]",
            "type": "Microsoft.DataFactory/factories/linkedServices",
            "apiVersion": "2018-06-01",
            "properties": {
                "annotations": [],
                "type": "AzureBlobFS",
                "typeProperties": {
                    "url": "[parameters('ls_adls_covidreportingdl_properties_typeProperties_url')]",
                    "accountKey": {
                        "type": "AzureKeyVaultSecret",
                        "store": {
                            "referenceName": "ls_kv_adls",
                            "type": "LinkedServiceReference"
                        },
                        "secretName": "secretadls1897"
                    }
                }
            },
            "dependsOn": [
                "[concat(variables('factoryId'), '/linkedServices/ls_kv_adls')]"
            ]
        },
        {
            "name": "[concat(parameters('factoryName'), '/ds_population_raw_tsv')]",
            "type": "Microsoft.DataFactory/factories/datasets",
            "apiVersion": "2018-06-01",
            "properties": {
                "linkedServiceName": {
                    "referenceName": "ls_adls_covidreportingdl",
                    "type": "LinkedServiceReference"
                },
                "folder": {
                    "name": "raw"
                },
                "annotations": [],
                "type": "DelimitedText",
                "typeProperties": {
                    "location": {
                        "type": "AzureBlobFSLocation",
                        "fileName": "population_by_age.tsv",
                        "folderPath": "population",
                        "fileSystem": "raw"
                    },
                    "columnDelimiter": "\t",
                    "escapeChar": "\\",
                    "firstRowAsHeader": true,
                    "quoteChar": "\""
                },
                "schema": []
            },
            "dependsOn": [
                "[concat(variables('factoryId'), '/linkedServices/ls_adls_covidreportingdl')]"
            ]
        },
        {
            "name": "[concat(parameters('factoryName'), '/ds_ecdc_raw_csv_dl')]",
            "type": "Microsoft.DataFactory/factories/datasets",
            "apiVersion": "2018-06-01",
            "properties": {
                "linkedServiceName": {
                    "referenceName": "ls_adls_covidreportingdl",
                    "type": "LinkedServiceReference"
                },
                "parameters": {
                    "fileName": {
                        "type": "string"
                    }
                },
                "folder": {
                    "name": "raw"
                },
                "annotations": [],
                "type": "DelimitedText",
                "typeProperties": {
                    "location": {
                        "type": "AzureBlobFSLocation",
                        "fileName": {
                            "value": "@dataset().fileName",
                            "type": "Expression"
                        },
                        "folderPath": "ecdc",
                        "fileSystem": "raw"
                    },
                    "columnDelimiter": ",",
                    "escapeChar": "\\",
                    "firstRowAsHeader": true,
                    "quoteChar": "\""
                },
                "schema": []
            },
            "dependsOn": [
                "[concat(variables('factoryId'), '/linkedServices/ls_adls_covidreportingdl')]"
            ]
        },
        {
            "name": "[concat(parameters('factoryName'), '/df_raw_cases_and_deaths')]",
            "type": "Microsoft.DataFactory/factories/datasets",
            "apiVersion": "2018-06-01",
            "properties": {
                "linkedServiceName": {
                    "referenceName": "ls_adls_covidreportingdl",
                    "type": "LinkedServiceReference"
                },
                "folder": {
                    "name": "raw"
                },
                "annotations": [],
                "type": "DelimitedText",
                "typeProperties": {
                    "location": {
                        "type": "AzureBlobFSLocation",
                        "fileName": "cases_deaths.csv",
                        "folderPath": "ecdc/cases_deaths",
                        "fileSystem": "raw"
                    },
                    "columnDelimiter": ",",
                    "escapeChar": "\\",
                    "firstRowAsHeader": true,
                    "quoteChar": "\""
                },
                "schema": [
                    {
                        "name": "country",
                        "type": "String"
                    },
                    {
                        "name": "country_code",
                        "type": "String"
                    },
                    {
                        "name": "continent",
                        "type": "String"
                    },
                    {
                        "name": "population",
                        "type": "String"
                    },
                    {
                        "name": "indicator",
                        "type": "String"
                    },
                    {
                        "name": "weekly_count",
                        "type": "String"
                    },
                    {
                        "name": "year_week",
                        "type": "String"
                    },
                    {
                        "name": "rate_14_day",
                        "type": "String"
                    },
                    {
                        "name": "cumulative_count",
                        "type": "String"
                    },
                    {
                        "name": "source",
                        "type": "String"
                    },
                    {
                        "name": "note",
                        "type": "String"
                    }
                ]
            },
            "dependsOn": [
                "[concat(variables('factoryId'), '/linkedServices/ls_adls_covidreportingdl')]"
            ]
        },
        {
            "name": "[concat(parameters('factoryName'), '/ds_country_lookup')]",
            "type": "Microsoft.DataFactory/factories/datasets",
            "apiVersion": "2018-06-01",
            "properties": {
                "linkedServiceName": {
                    "referenceName": "ls_adls_covidreportingdl",
                    "type": "LinkedServiceReference"
                },
                "folder": {
                    "name": "lookup"
                },
                "annotations": [],
                "type": "DelimitedText",
                "typeProperties": {
                    "location": {
                        "type": "AzureBlobFSLocation",
                        "fileName": "country_lookup.csv",
                        "folderPath": "dim_country",
                        "fileSystem": "lookup"
                    },
                    "columnDelimiter": ",",
                    "escapeChar": "\\",
                    "firstRowAsHeader": true,
                    "quoteChar": "\""
                },
                "schema": [
                    {
                        "name": "country",
                        "type": "String"
                    },
                    {
                        "name": "country_code_2_digit",
                        "type": "String"
                    },
                    {
                        "name": "country_code_3_digit",
                        "type": "String"
                    },
                    {
                        "name": "continent",
                        "type": "String"
                    },
                    {
                        "name": "population",
                        "type": "String"
                    }
                ]
            },
            "dependsOn": [
                "[concat(variables('factoryId'), '/linkedServices/ls_adls_covidreportingdl')]"
            ]
        }
    ]
}